{"SeUBx/fgKOh4K25knVAbrg==":"xiepkappasigmalogo-96x42.png","pOINtIWWMtT7IvbXJvfvzg==":"xieptrans-585x255.png","2AsrVrgIGFi8vixzC73eEA==":"ksiglogosquare-397x397.png","06XTEITb6Z/hUh31VPX+Ow==":"ksiglogosquare-815x815.png","9NSFSM4VQLwQl/RSpJgKjw==":"ksiglogosquare-596x596.png","n1dx+NZv3qks526xC0hZ5Q==":"background13.jpg","911X7bM4yT2Mobv6BsMc+g==":"background8.jpg","rLeQp/g2y1Tq9G/9YfCazw==":"chapteraward-1080x800.png","DyDO/JRn2u1CeCJnLvBXiA==":"executive%20committee-1080x1349.jpg","5CHQoa8CmFz31cIqWVS1KA==":"307717350_825889908587079_4719182521069260936_n-1080x1349.jpg","ILwPH3u5+5EhlIxy3mzR/A==":"award%20uncrop-1080x1350.jpg","5H72CHG5wU6RYwvk5jx/Sg==":"legion-815x1019.jpg","y9xr8azSMT3jxGAEWx827Q==":"legionsquare-815x815.png","Bi4can8rnpTKKufwAx2QGg==":"anthonysquare-596x596.png","nWGB/1W4/oCvWjm+vIFzzw==":"mattsquare-596x596.png","j/IQ9ycSRPxzgG230s0+sw==":"tylersquare-596x596.png","J76Y1P5g8uS8u0lsuYJ/cw==":"sikosquare-596x596.png","1PFS5sY1V0jQ0jNoXolGHQ==":"executive%20committee-1080x1349.jpeg","D2iCGzoNkSK2NI53y1A0Gw==":"seesaw-660x825.jpg","Bb2dpfIE2cGcsBSyAXfGTg==":"seesaw-660x825.jpeg","0qqWsV20DC7UjudBArPeDQ==":"scholarship-660x824.jpeg","qZL4oNh9vf9YfqZ4h02yHg==":"chapteraward-660x489.png","ho6jAn/C7yQM0rAjLKoIyQ==":"fellowship-660x494.jpg","AovZMWp7iLTamAp6S60MhQ==":"legioncrop-500x500.png","1y/lkKEzU4/kg2p8r9HJqA==":"ajbcrop-500x500.png","i+z12ArgTChcZV0/1fL1gg==":"mattcrop-500x500.png","wliR4S1SgmhL/F1gZc0V+g==":"tylercrop-500x500.png","F+CSt+elAGDLtdpfwsOE0w==":"sikocrop-500x500.png"}